CCLE_Name,lineage,lineage_subtype
HL60_HAEMATOPOIETIC_AND_LYMPHOID_TISSUE,blood,AML
HEL_HAEMATOPOIETIC_AND_LYMPHOID_TISSUE,blood,AML
HEL9217_HAEMATOPOIETIC_AND_LYMPHOID_TISSUE,blood,AML
MONOMAC6_HAEMATOPOIETIC_AND_LYMPHOID_TISSUE,blood,AML
LS513_LARGE_INTESTINE,colorectal,colorectal_adenocarcinoma
A101D_SKIN,skin,melanoma
C2BBE1_LARGE_INTESTINE,colorectal,colorectal_adenocarcinoma
253J_URINARY_TRACT,urinary_tract,bladder_carcinoma
HCC827_LUNG,lung,NSCLC
ONCODG1_OVARY,ovary,ovary_adenocarcinoma
HS294T_SKIN,skin,melanoma
NCIH1581_LUNG,lung,NSCLC
SKBR3_BREAST,breast,breast_carcinoma
T24_URINARY_TRACT,urinary_tract,bladder_carcinoma
MCF7_BREAST,breast,breast_carcinoma
MHHCALL2_HAEMATOPOIETIC_AND_LYMPHOID_TISSUE,blood,ALL
NCIH1693_LUNG,lung,NSCLC
PATU8988S_PANCREAS,pancreas,exocrine
PATU8988T_PANCREAS,pancreas,exocrine
OPM2_HAEMATOPOIETIC_AND_LYMPHOID_TISSUE,plasma_cell,multiple_myeloma
253JBV_URINARY_TRACT,urinary_tract,bladder_carcinoma
GOS3_CENTRAL_NERVOUS_SYSTEM,central_nervous_system,glioma
KPL1_BREAST,breast,breast_carcinoma
PC14_LUNG,lung,NSCLC
MHHCALL3_HAEMATOPOIETIC_AND_LYMPHOID_TISSUE,blood,ALL
NCIH1650_LUNG,lung,NSCLC
S117_SOFT_TISSUE,soft_tissue,thyroid_sarcoma
EHEB_HAEMATOPOIETIC_AND_LYMPHOID_TISSUE,lymphocyte,lymphoma_unspecified
SKNMC_BONE,bone,Ewing_sarcoma
U118MG_CENTRAL_NERVOUS_SYSTEM,central_nervous_system,glioma
RDES_BONE,bone,Ewing_sarcoma
PANC0203_PANCREAS,pancreas,exocrine
MDAMB134VI_BREAST,breast,breast_ductal_carcinoma
MV411_HAEMATOPOIETIC_AND_LYMPHOID_TISSUE,blood,AML
ACHN_KIDNEY,kidney,renal_cell_carcinoma
GCIY_STOMACH,gastric,gastric_adenocarcinoma
TOV112D_OVARY,ovary,ovary_adenocarcinoma
NCIH929_HAEMATOPOIETIC_AND_LYMPHOID_TISSUE,plasma_cell,multiple_myeloma
TE617T_SOFT_TISSUE,soft_tissue,rhabdomyosarcoma
A673_BONE,bone,Ewing_sarcoma
KARPAS299_HAEMATOPOIETIC_AND_LYMPHOID_TISSUE,lymphocyte,non_hodgkin_lymphoma
HT1080_SOFT_TISSUE,soft_tissue,fibrosarcoma
D283MED_CENTRAL_NERVOUS_SYSTEM,central_nervous_system,medulloblastoma
DOHH2_HAEMATOPOIETIC_AND_LYMPHOID_TISSUE,lymphocyte,non_hodgkin_lymphoma
ML1_THYROID,thyroid,thyroid_carcinoma
SUPB15_HAEMATOPOIETIC_AND_LYMPHOID_TISSUE,blood,ALL
PANC1005_PANCREAS,pancreas,exocrine
HH_HAEMATOPOIETIC_AND_LYMPHOID_TISSUE,lymphocyte,non_hodgkin_lymphoma
RERFLCMS_LUNG,lung,NSCLC
OCIAML5_HAEMATOPOIETIC_AND_LYMPHOID_TISSUE,blood,AML
HCC4006_LUNG,lung,NSCLC
HS683_CENTRAL_NERVOUS_SYSTEM,central_nervous_system,glioma
REC1_HAEMATOPOIETIC_AND_LYMPHOID_TISSUE,lymphocyte,non_hodgkin_lymphoma
HS611T_HAEMATOPOIETIC_AND_LYMPHOID_TISSUE,lymphocyte,hodgkin_lymphoma
697_HAEMATOPOIETIC_AND_LYMPHOID_TISSUE,blood,ALL
MEG01_HAEMATOPOIETIC_AND_LYMPHOID_TISSUE,blood,CML
GRANTA519_HAEMATOPOIETIC_AND_LYMPHOID_TISSUE,lymphocyte,non_hodgkin_lymphoma
KU812_HAEMATOPOIETIC_AND_LYMPHOID_TISSUE,blood,CML
U87MG_CENTRAL_NERVOUS_SYSTEM,central_nervous_system,glioma
NCO2_HAEMATOPOIETIC_AND_LYMPHOID_TISSUE,blood,CML
MJ_HAEMATOPOIETIC_AND_LYMPHOID_TISSUE,lymphocyte,non_hodgkin_lymphoma
MHHNB11_AUTONOMIC_GANGLIA,peripheral_nervous_system,neuroblastoma
BDCM_HAEMATOPOIETIC_AND_LYMPHOID_TISSUE,blood,AML
GDM1_HAEMATOPOIETIC_AND_LYMPHOID_TISSUE,blood,AML
G292CLONEA141B1_BONE,bone,osteosarcoma
ACCMESO1_PLEURA,lung,mesothelioma
SKES1_BONE,bone,Ewing_sarcoma
PC3_PROSTATE,prostate,prostate_adenocarcinoma
OV56_OVARY,ovary,ovary_adenocarcinoma
NCIH2452_PLEURA,lung,mesothelioma
PANC0504_PANCREAS,pancreas,exocrine
HPAFII_PANCREAS,pancreas,exocrine
G401_SOFT_TISSUE,kidney,malignant_rhabdoid_tumor
ZR751_BREAST,breast,breast_ductal_carcinoma
GAMG_CENTRAL_NERVOUS_SYSTEM,central_nervous_system,glioma
SIMA_AUTONOMIC_GANGLIA,peripheral_nervous_system,neuroblastoma
RH41_SOFT_TISSUE,soft_tissue,rhabdomyosarcoma
KE37_HAEMATOPOIETIC_AND_LYMPHOID_TISSUE,blood,ALL
GMS10_CENTRAL_NERVOUS_SYSTEM,central_nervous_system,glioma
CAOV4_OVARY,ovary,ovary_adenocarcinoma
LOUCY_HAEMATOPOIETIC_AND_LYMPHOID_TISSUE,blood,ALL
ALLSIL_HAEMATOPOIETIC_AND_LYMPHOID_TISSUE,blood,ALL
JVM2_HAEMATOPOIETIC_AND_LYMPHOID_TISSUE,lymphocyte,non_hodgkin_lymphoma
CAPAN2_PANCREAS,pancreas,exocrine
KP3_PANCREAS,pancreas,exocrine
NCCSTCK140_STOMACH,gastric,gastric_adenocarcinoma
HCC1187_BREAST,breast,breast_ductal_carcinoma
SIGM5_HAEMATOPOIETIC_AND_LYMPHOID_TISSUE,blood,AML
OCIAML2_HAEMATOPOIETIC_AND_LYMPHOID_TISSUE,blood,AML
SU8686_PANCREAS,pancreas,exocrine
VCAP_PROSTATE,prostate,prostate_adenocarcinoma
OAW28_OVARY,ovary,ovary_adenocarcinoma
EFM192A_BREAST,breast,breast_adenocarcinoma
HUPT3_PANCREAS,pancreas,exocrine
CHP212_AUTONOMIC_GANGLIA,peripheral_nervous_system,neuroblastoma
NCIH2405_LUNG,lung,NSCLC
SUPT11_HAEMATOPOIETIC_AND_LYMPHOID_TISSUE,blood,ALL
COV434_OVARY,ovary,ovary_adenocarcinoma
OCILY19_HAEMATOPOIETIC_AND_LYMPHOID_TISSUE,lymphocyte,non_hodgkin_lymphoma
KG1C_CENTRAL_NERVOUS_SYSTEM,central_nervous_system,glioma
NCIH1341_LUNG,lung,SCLC
JHOS2_OVARY,ovary,ovary_adenocarcinoma
HS729_SOFT_TISSUE,fibroblast,fibroblast_soft_tissue
HS940T_FIBROBLAST,fibroblast,fibroblast_skin
CHP126_AUTONOMIC_GANGLIA,peripheral_nervous_system,neuroblastoma
8MGBA_CENTRAL_NERVOUS_SYSTEM,central_nervous_system,glioma
CFPAC1_PANCREAS,pancreas,exocrine
PANC0327_PANCREAS,pancreas,exocrine
PFEIFFER_HAEMATOPOIETIC_AND_LYMPHOID_TISSUE,lymphocyte,non_hodgkin_lymphoma
SNU308_BILIARY_TRACT,bile_duct,gallbladder_adenocarcinoma
CAL29_URINARY_TRACT,urinary_tract,bladder_carcinoma
RERFGC1B_STOMACH,gastric,gastric_adenocarcinoma
SKLMS1_SOFT_TISSUE,soft_tissue,leiomyosarcoma
THP1_HAEMATOPOIETIC_AND_LYMPHOID_TISSUE,blood,AML
T47D_BREAST,breast,breast_ductal_carcinoma
HS578T_BREAST,breast,breast_carcinoma
SKNSH_AUTONOMIC_GANGLIA,peripheral_nervous_system,neuroblastoma
HCC2935_LUNG,lung,NSCLC
JM1_HAEMATOPOIETIC_AND_LYMPHOID_TISSUE,blood,ALL
M059K_CENTRAL_NERVOUS_SYSTEM,central_nervous_system,glioma
NCIH2052_PLEURA,lung,mesothelioma
SW1990_PANCREAS,pancreas,exocrine
MHHCALL4_HAEMATOPOIETIC_AND_LYMPHOID_TISSUE,blood,ALL
A4FUK_HAEMATOPOIETIC_AND_LYMPHOID_TISSUE,lymphocyte,non_hodgkin_lymphoma
OCILY3_HAEMATOPOIETIC_AND_LYMPHOID_TISSUE,lymphocyte,non_hodgkin_lymphoma
OSRC2_KIDNEY,kidney,renal_cell_carcinoma
CORL105_LUNG,lung,NSCLC
GA10_HAEMATOPOIETIC_AND_LYMPHOID_TISSUE,lymphocyte,non_hodgkin_lymphoma
SW579_THYROID,thyroid,thyroid_squamous
PANC1_PANCREAS,pancreas,exocrine
KE97_HAEMATOPOIETIC_AND_LYMPHOID_TISSUE,plasma_cell,multiple_myeloma
NOMO1_HAEMATOPOIETIC_AND_LYMPHOID_TISSUE,blood,AML
RD_SOFT_TISSUE,soft_tissue,rhabdomyosarcoma
VMRCRCZ_KIDNEY,kidney,renal_cell_carcinoma
JHUEM3_ENDOMETRIUM,uterus,endometrial_adenocarcinoma
CAL62_THYROID,thyroid,thyroid_carcinoma
LOUNH91_LUNG,lung,NSCLC
NCIH660_PROSTATE,prostate,prostate_small_cell
HS766T_PANCREAS,pancreas,exocrine
NCIH1618_LUNG,lung,SCLC
SCC9_UPPER_AERODIGESTIVE_TRACT,upper_aerodigestive,upper_aerodigestive_squamous
SNU869_BILIARY_TRACT,bile_duct,cholangiocarcinoma
L363_HAEMATOPOIETIC_AND_LYMPHOID_TISSUE,plasma_cell,multiple_myeloma
NCIH2444_LUNG,lung,NSCLC
CORL311_LUNG,lung,SCLC
SCC25_UPPER_AERODIGESTIVE_TRACT,upper_aerodigestive,upper_aerodigestive_squamous
RCC10RGB_KIDNEY,kidney,renal_cell_carcinoma
HDMYZ_HAEMATOPOIETIC_AND_LYMPHOID_TISSUE,lymphocyte,hodgkin_lymphoma
BHT101_THYROID,thyroid,thyroid_carcinoma
MFE280_ENDOMETRIUM,uterus,endometrial_adenocarcinoma
KARPAS620_HAEMATOPOIETIC_AND_LYMPHOID_TISSUE,plasma_cell,multiple_myeloma
SET2_HAEMATOPOIETIC_AND_LYMPHOID_TISSUE,blood,AML
HCC1599_BREAST,breast,breast_ductal_carcinoma
TALL1_HAEMATOPOIETIC_AND_LYMPHOID_TISSUE,blood,ALL
EOL1_HAEMATOPOIETIC_AND_LYMPHOID_TISSUE,blood,AML
NMCG1_CENTRAL_NERVOUS_SYSTEM,central_nervous_system,glioma
A204_SOFT_TISSUE,soft_tissue,malignant_rhabdoid_tumor
COLO320_LARGE_INTESTINE,colorectal,colorectal_adenocarcinoma
NH6_AUTONOMIC_GANGLIA,peripheral_nervous_system,neuroblastoma
LP1_HAEMATOPOIETIC_AND_LYMPHOID_TISSUE,plasma_cell,multiple_myeloma
PK59_PANCREAS,pancreas,exocrine
DETROIT562_UPPER_AERODIGESTIVE_TRACT,upper_aerodigestive,upper_aerodigestive_squamous
SNU1079_BILIARY_TRACT,bile_duct,cholangiocarcinoma
CADOES1_BONE,bone,Ewing_sarcoma
DAOY_CENTRAL_NERVOUS_SYSTEM,central_nervous_system,medulloblastoma
CAL120_BREAST,breast,breast_carcinoma
HUPT4_PANCREAS,pancreas,exocrine
JHH6_LIVER,liver,hepatocellular_carcinoma
PL21_HAEMATOPOIETIC_AND_LYMPHOID_TISSUE,blood,AML
A375_SKIN,skin,melanoma
MINO_HAEMATOPOIETIC_AND_LYMPHOID_TISSUE,lymphocyte,non_hodgkin_lymphoma
SNU398_LIVER,liver,hepatocellular_carcinoma
ASPC1_PANCREAS,pancreas,exocrine
HCC1937_BREAST,breast,breast_ductal_carcinoma
ECC12_STOMACH,gastric,gastric_small_cell
SUPM2_HAEMATOPOIETIC_AND_LYMPHOID_TISSUE,lymphocyte,non_hodgkin_lymphoma
KPNYN_AUTONOMIC_GANGLIA,peripheral_nervous_system,neuroblastoma
BICR31_UPPER_AERODIGESTIVE_TRACT,upper_aerodigestive,upper_aerodigestive_squamous
KALS1_CENTRAL_NERVOUS_SYSTEM,central_nervous_system,glioma
U251MG_CENTRAL_NERVOUS_SYSTEM,central_nervous_system,glioma
DEL_HAEMATOPOIETIC_AND_LYMPHOID_TISSUE,lymphocyte,non_hodgkin_lymphoma
CAKI2_KIDNEY,kidney,renal_cell_carcinoma
PANC0403_PANCREAS,pancreas,exocrine
SW1417_LARGE_INTESTINE,colorectal,colorectal_adenocarcinoma
JHOM1_OVARY,ovary,ovary_adenocarcinoma
SCC4_UPPER_AERODIGESTIVE_TRACT,upper_aerodigestive,upper_aerodigestive_squamous
HUG1N_STOMACH,gastric,gastric_adenocarcinoma
JK1_HAEMATOPOIETIC_AND_LYMPHOID_TISSUE,blood,CML
RT4_URINARY_TRACT,urinary_tract,bladder_carcinoma
DANG_PANCREAS,pancreas,exocrine
DKMG_CENTRAL_NERVOUS_SYSTEM,central_nervous_system,glioma
BL41_HAEMATOPOIETIC_AND_LYMPHOID_TISSUE,lymphocyte,non_hodgkin_lymphoma
OCUM1_STOMACH,gastric,gastric_adenocarcinoma
AU565_BREAST,breast,breast_adenocarcinoma
CL11_LARGE_INTESTINE,colorectal,colorectal_adenocarcinoma
KMRC20_KIDNEY,kidney,renal_cell_carcinoma
LS1034_LARGE_INTESTINE,colorectal,colorectal_adenocarcinoma
COLO201_LARGE_INTESTINE,colorectal,colorectal_adenocarcinoma
SCC15_UPPER_AERODIGESTIVE_TRACT,upper_aerodigestive,upper_aerodigestive_squamous
LMSU_STOMACH,gastric,gastric_adenocarcinoma
CORL279_LUNG,lung,SCLC
DU4475_BREAST,breast,breast_carcinoma
KELLY_AUTONOMIC_GANGLIA,peripheral_nervous_system,neuroblastoma
SKNAS_AUTONOMIC_GANGLIA,peripheral_nervous_system,neuroblastoma
RERFLCAI_LUNG,lung,NSCLC
KASUMI1_HAEMATOPOIETIC_AND_LYMPHOID_TISSUE,blood,AML
CALU6_LUNG,lung,NSCLC
KP4_PANCREAS,pancreas,exocrine
SNU213_PANCREAS,pancreas,exocrine
HDLM2_HAEMATOPOIETIC_AND_LYMPHOID_TISSUE,lymphocyte,hodgkin_lymphoma
SNU245_BILIARY_TRACT,bile_duct,cholangiocarcinoma
AM38_CENTRAL_NERVOUS_SYSTEM,central_nervous_system,glioma
HPAC_PANCREAS,pancreas,exocrine
SUDHL10_HAEMATOPOIETIC_AND_LYMPHOID_TISSUE,lymphocyte,non_hodgkin_lymphoma
SF539_CENTRAL_NERVOUS_SYSTEM,central_nervous_system,glioma
HS852T_SKIN,skin,melanoma
HCC38_BREAST,breast,breast_ductal_carcinoma
HCC1419_BREAST,breast,breast_ductal_carcinoma
COV362_OVARY,ovary,ovary_adenocarcinoma
SNU840_OVARY,ovary,brenner_tumor
KP2_PANCREAS,pancreas,exocrine
NCIH1755_LUNG,lung,NSCLC
TOLEDO_HAEMATOPOIETIC_AND_LYMPHOID_TISSUE,lymphocyte,non_hodgkin_lymphoma
SNU1033_LARGE_INTESTINE,colorectal,colorectal_adenocarcinoma
NUDUL1_HAEMATOPOIETIC_AND_LYMPHOID_TISSUE,lymphocyte,non_hodgkin_lymphoma
BT549_BREAST,breast,breast_ductal_carcinoma
SNU466_CENTRAL_NERVOUS_SYSTEM,central_nervous_system,glioma
NCIH209_LUNG,lung,SCLC
OV90_OVARY,ovary,ovary_adenocarcinoma
NCIH841_LUNG,lung,SCLC
KLE_ENDOMETRIUM,uterus,endometrial_adenocarcinoma
NB4_HAEMATOPOIETIC_AND_LYMPHOID_TISSUE,blood,AML
EM2_HAEMATOPOIETIC_AND_LYMPHOID_TISSUE,blood,CML
OUMS23_LARGE_INTESTINE,colorectal,colorectal_adenocarcinoma
NCIH889_LUNG,lung,SCLC
NCIH2029_LUNG,lung,SCLC
LAMA84_HAEMATOPOIETIC_AND_LYMPHOID_TISSUE,blood,CML
SNU1077_ENDOMETRIUM,uterus,mullerian_carcinoma
SNU5_STOMACH,gastric,gastric_adenocarcinoma
WM115_SKIN,skin,melanoma
ECGI10_OESOPHAGUS,esophagus,esophagus_squamous
PK1_PANCREAS,pancreas,exocrine
EFO21_OVARY,ovary,ovary_adenocarcinoma
SKLU1_LUNG,lung,NSCLC
IMR32_AUTONOMIC_GANGLIA,peripheral_nervous_system,neuroblastoma
NCIH2122_LUNG,lung,NSCLC
SKNBE2_AUTONOMIC_GANGLIA,peripheral_nervous_system,neuroblastoma
KMRC3_KIDNEY,kidney,renal_cell_carcinoma
HCC2108_LUNG,lung,NSCLC
KARPAS422_HAEMATOPOIETIC_AND_LYMPHOID_TISSUE,lymphocyte,non_hodgkin_lymphoma
SNU886_LIVER,liver,hepatocellular_carcinoma
TUHR14TKB_KIDNEY,kidney,renal_cell_carcinoma
TE10_OESOPHAGUS,esophagus,esophagus_squamous
MPP89_PLEURA,lung,mesothelioma
PSN1_PANCREAS,pancreas,exocrine
MOLM6_HAEMATOPOIETIC_AND_LYMPHOID_TISSUE,blood,CML
HT144_SKIN,skin,melanoma
42MGBA_CENTRAL_NERVOUS_SYSTEM,central_nervous_system,glioma
JHOC5_OVARY,ovary,ovary_adenocarcinoma
SNU620_STOMACH,gastric,gastric_adenocarcinoma
JURLMK1_HAEMATOPOIETIC_AND_LYMPHOID_TISSUE,blood,CML
NCIH1395_LUNG,lung,NSCLC
CCFSTTG1_CENTRAL_NERVOUS_SYSTEM,central_nervous_system,glioma
EFM19_BREAST,breast,breast_ductal_carcinoma
YAPC_PANCREAS,pancreas,exocrine
DB_HAEMATOPOIETIC_AND_LYMPHOID_TISSUE,lymphocyte,non_hodgkin_lymphoma
MSTO211H_PLEURA,lung,mesothelioma
OCIAML3_HAEMATOPOIETIC_AND_LYMPHOID_TISSUE,blood,AML
NCIH3122_LUNG,lung,NSCLC
SR786_HAEMATOPOIETIC_AND_LYMPHOID_TISSUE,lymphocyte,non_hodgkin_lymphoma
SKNFI_AUTONOMIC_GANGLIA,peripheral_nervous_system,neuroblastoma
NCIH522_LUNG,lung,NSCLC
SNU668_STOMACH,gastric,gastric_adenocarcinoma
KPNRTBM1_AUTONOMIC_GANGLIA,peripheral_nervous_system,neuroblastoma
JVM3_HAEMATOPOIETIC_AND_LYMPHOID_TISSUE,blood,CLL
QGP1_PANCREAS,pancreas,endocrine
RPMI7951_SKIN,skin,melanoma
HCC1500_BREAST,breast,breast_ductal_carcinoma
COLO678_LARGE_INTESTINE,colorectal,colorectal_adenocarcinoma
MKN1_STOMACH,gastric,gastric_adenocarcinoma
HCC1428_BREAST,breast,breast_carcinoma
TE15_OESOPHAGUS,esophagus,esophagus_squamous
CAPAN1_PANCREAS,pancreas,exocrine
NCIH82_LUNG,lung,SCLC
MKN45_STOMACH,gastric,gastric_adenocarcinoma
JEKO1_HAEMATOPOIETIC_AND_LYMPHOID_TISSUE,lymphocyte,non_hodgkin_lymphoma
NCIH69_LUNG,lung,SCLC
MG63_BONE,bone,osteosarcoma
NCIH508_LARGE_INTESTINE,colorectal,caecum_adenocarcinoma
SKHEP1_LIVER,liver,hepatocellular_carcinoma
MOLM13_HAEMATOPOIETIC_AND_LYMPHOID_TISSUE,blood,AML
SKMM2_HAEMATOPOIETIC_AND_LYMPHOID_TISSUE,plasma_cell,multiple_myeloma
U2OS_BONE,bone,osteosarcoma
SUDHL4_HAEMATOPOIETIC_AND_LYMPHOID_TISSUE,lymphocyte,non_hodgkin_lymphoma
SKNDZ_AUTONOMIC_GANGLIA,peripheral_nervous_system,neuroblastoma
NCIH226_LUNG,lung,NSCLC
SNU1105_CENTRAL_NERVOUS_SYSTEM,central_nervous_system,glioma
MOLM16_HAEMATOPOIETIC_AND_LYMPHOID_TISSUE,blood,AML
SNU626_CENTRAL_NERVOUS_SYSTEM,central_nervous_system,glioma
RL_HAEMATOPOIETIC_AND_LYMPHOID_TISSUE,lymphocyte,non_hodgkin_lymphoma
P12ICHIKAWA_HAEMATOPOIETIC_AND_LYMPHOID_TISSUE,blood,ALL
SKM1_HAEMATOPOIETIC_AND_LYMPHOID_TISSUE,blood,AML
HCC1143_BREAST,breast,breast_ductal_carcinoma
G402_SOFT_TISSUE,soft_tissue,malignant_rhabdoid_tumor
SF295_CENTRAL_NERVOUS_SYSTEM,central_nervous_system,glioma
SNU478_BILIARY_TRACT,bile_duct,cholangiocarcinoma
NCIH647_LUNG,lung,NSCLC
NCIH1781_LUNG,lung,NSCLC
KMS12BM_HAEMATOPOIETIC_AND_LYMPHOID_TISSUE,plasma_cell,multiple_myeloma
T84_LARGE_INTESTINE,colorectal,colorectal_adenocarcinoma
OE33_OESOPHAGUS,esophagus,esophagus_adenocarcinoma
SW780_URINARY_TRACT,urinary_tract,bladder_carcinoma
KG1_HAEMATOPOIETIC_AND_LYMPHOID_TISSUE,blood,AML
TF1_HAEMATOPOIETIC_AND_LYMPHOID_TISSUE,blood,AML
NUDHL1_HAEMATOPOIETIC_AND_LYMPHOID_TISSUE,lymphocyte,non_hodgkin_lymphoma
H4_CENTRAL_NERVOUS_SYSTEM,central_nervous_system,glioma
LUDLU1_LUNG,lung,NSCLC
MHHES1_BONE,bone,Ewing_sarcoma
CALU3_LUNG,lung,NSCLC
HLF_LIVER,liver,hepatocellular_carcinoma
NCIH2081_LUNG,lung,SCLC
NCIH520_LUNG,lung,NSCLC
J82_URINARY_TRACT,urinary_tract,bladder_carcinoma
RI1_HAEMATOPOIETIC_AND_LYMPHOID_TISSUE,lymphocyte,non_hodgkin_lymphoma
NCIH2196_LUNG,lung,SCLC
SKCO1_LARGE_INTESTINE,colorectal,colorectal_adenocarcinoma
COLO800_SKIN,skin,melanoma
BL70_HAEMATOPOIETIC_AND_LYMPHOID_TISSUE,lymphocyte,non_hodgkin_lymphoma
NCIH747_LARGE_INTESTINE,colorectal,colorectal_adenocarcinoma
K029AX_SKIN,skin,melanoma
MEC1_HAEMATOPOIETIC_AND_LYMPHOID_TISSUE,blood,CLL
U937_HAEMATOPOIETIC_AND_LYMPHOID_TISSUE,blood,AML
SNU685_ENDOMETRIUM,uterus,MMMT
TE5_OESOPHAGUS,esophagus,esophagus_squamous
OVSAHO_OVARY,ovary,ovary_adenocarcinoma
SAOS2_BONE,bone,osteosarcoma
769P_KIDNEY,kidney,renal_cell_carcinoma
NCIH1944_LUNG,lung,NSCLC
BICR6_UPPER_AERODIGESTIVE_TRACT,upper_aerodigestive,upper_aerodigestive_squamous
NCIH838_LUNG,lung,NSCLC
PANC0813_PANCREAS,pancreas,exocrine
SW1353_BONE,bone,chondrosarcoma
KMS28BM_HAEMATOPOIETIC_AND_LYMPHOID_TISSUE,plasma_cell,multiple_myeloma
SNU449_LIVER,liver,hepatocellular_carcinoma
SW837_LARGE_INTESTINE,colorectal,colorectal_adenocarcinoma
SNU475_LIVER,liver,hepatocellular_carcinoma
SKMEL3_SKIN,skin,melanoma
TC71_BONE,bone,Ewing_sarcoma
UACC62_SKIN,skin,melanoma
KMS20_HAEMATOPOIETIC_AND_LYMPHOID_TISSUE,plasma_cell,multiple_myeloma
NCIN87_STOMACH,gastric,gastric_adenocarcinoma
A704_KIDNEY,kidney,renal_cell_carcinoma
TYKNU_OVARY,ovary,ovary_adenocarcinoma
NCIH1694_LUNG,lung,SCLC
BV173_HAEMATOPOIETIC_AND_LYMPHOID_TISSUE,blood,CML
CAKI1_KIDNEY,kidney,renal_cell_carcinoma
NCIH1915_LUNG,lung,NSCLC
EFE184_ENDOMETRIUM,uterus,endometrial_adenocarcinoma
SW1088_CENTRAL_NERVOUS_SYSTEM,central_nervous_system,glioma
LU65_LUNG,lung,NSCLC
ME1_HAEMATOPOIETIC_AND_LYMPHOID_TISSUE,blood,AML
CA46_HAEMATOPOIETIC_AND_LYMPHOID_TISSUE,lymphocyte,non_hodgkin_lymphoma
SH4_SKIN,skin,melanoma
RERFLCSQ1_LUNG,lung,NSCLC
OVKATE_OVARY,ovary,ovary_adenocarcinoma
LU99_LUNG,lung,NSCLC
KNS60_CENTRAL_NERVOUS_SYSTEM,central_nervous_system,glioma
KPNSI9S_AUTONOMIC_GANGLIA,peripheral_nervous_system,neuroblastoma
NCIH2228_LUNG,lung,NSCLC
NCIH1666_LUNG,lung,NSCLC
MESSA_SOFT_TISSUE,soft_tissue,uterine_sarcoma
MELHO_SKIN,skin,melanoma
NCIH2085_LUNG,lung,NSCLC
TE8_OESOPHAGUS,esophagus,esophagus_squamous
MOLP2_HAEMATOPOIETIC_AND_LYMPHOID_TISSUE,plasma_cell,multiple_myeloma
HCC95_LUNG,lung,NSCLC
BCPAP_THYROID,thyroid,thyroid_carcinoma
CAL54_KIDNEY,kidney,renal_cell_carcinoma
CJM_SKIN,skin,melanoma
TUHR10TKB_KIDNEY,kidney,renal_cell_carcinoma
SNU8_OVARY,ovary,ovary_adenocarcinoma
SNU1196_BILIARY_TRACT,bile_duct,cholangiocarcinoma
NCIH460_LUNG,lung,NSCLC
CAS1_CENTRAL_NERVOUS_SYSTEM,central_nervous_system,glioma
SKMEL1_SKIN,skin,melanoma
SNU216_STOMACH,gastric,gastric_adenocarcinoma
HCC56_LARGE_INTESTINE,colorectal,colorectal_adenocarcinoma
PK45H_PANCREAS,pancreas,exocrine
YH13_CENTRAL_NERVOUS_SYSTEM,central_nervous_system,glioma
SW1463_LARGE_INTESTINE,colorectal,colorectal_adenocarcinoma
LI7_LIVER,liver,
HSC2_UPPER_AERODIGESTIVE_TRACT,upper_aerodigestive,upper_aerodigestive_squamous
RT112_URINARY_TRACT,urinary_tract,bladder_carcinoma
HUH1_LIVER,liver,hepatocellular_carcinoma
JHH4_LIVER,liver,hepatocellular_carcinoma
MALME3M_SKIN,skin,melanoma
SNU387_LIVER,liver,hepatocellular_carcinoma
KNS81_CENTRAL_NERVOUS_SYSTEM,central_nervous_system,glioma
HUH7_LIVER,liver,hepatocellular_carcinoma
NCIH2170_LUNG,lung,NSCLC
RERFLCKJ_LUNG,lung,NSCLC
SNU182_LIVER,liver,hepatocellular_carcinoma
VMRCRCW_KIDNEY,kidney,renal_cell_carcinoma
GSU_STOMACH,gastric,gastric_adenocarcinoma
KU1919_URINARY_TRACT,urinary_tract,bladder_carcinoma
F36P_HAEMATOPOIETIC_AND_LYMPHOID_TISSUE,blood,AML
TE11_OESOPHAGUS,esophagus,esophagus_squamous
SW1116_LARGE_INTESTINE,colorectal,colorectal_adenocarcinoma
NCIH716_LARGE_INTESTINE,colorectal,colorectal_adenocarcinoma
SNU423_LIVER,liver,hepatocellular_carcinoma
TUHR4TKB_KIDNEY,kidney,renal_cell_carcinoma
NCIH1792_LUNG,lung,NSCLC
KO52_HAEMATOPOIETIC_AND_LYMPHOID_TISSUE,blood,AML
SNU46_UPPER_AERODIGESTIVE_TRACT,upper_aerodigestive,upper_aerodigestive_squamous
LS123_LARGE_INTESTINE,colorectal,colorectal_adenocarcinoma
TCCPAN2_PANCREAS,pancreas,exocrine
BICR16_UPPER_AERODIGESTIVE_TRACT,upper_aerodigestive,upper_aerodigestive_squamous
SNB75_CENTRAL_NERVOUS_SYSTEM,central_nervous_system,glioma
RKN_SOFT_TISSUE,soft_tissue,leiomyosarcoma
NCIH146_LUNG,lung,SCLC
KE39_STOMACH,gastric,gastric_adenocarcinoma
CORL88_LUNG,lung,SCLC
HUT78_HAEMATOPOIETIC_AND_LYMPHOID_TISSUE,lymphocyte,non_hodgkin_lymphoma
NCIH1299_LUNG,lung,NSCLC
CALU1_LUNG,lung,NSCLC
SNU1272_KIDNEY,kidney,renal_cell_carcinoma
NCIH1092_LUNG,lung,SCLC
HCC33_LUNG,lung,SCLC
CAL78_BONE,bone,chondrosarcoma
SNU410_PANCREAS,pancreas,exocrine
CAL33_UPPER_AERODIGESTIVE_TRACT,upper_aerodigestive,upper_aerodigestive_squamous
PEER_HAEMATOPOIETIC_AND_LYMPHOID_TISSUE,blood,ALL
NCIH2030_LUNG,lung,NSCLC
UMUC3_URINARY_TRACT,urinary_tract,bladder_carcinoma
NCIH1184_LUNG,lung,SCLC
KURAMOCHI_OVARY,ovary,ovary_adenocarcinoma
NCIH2171_LUNG,lung,SCLC
OVISE_OVARY,ovary,ovary_adenocarcinoma
ABC1_LUNG,lung,NSCLC
DMS114_LUNG,lung,SCLC
SNU61_LARGE_INTESTINE,colorectal,colorectal_adenocarcinoma
WSUDLCL2_HAEMATOPOIETIC_AND_LYMPHOID_TISSUE,lymphocyte,non_hodgkin_lymphoma
BXPC3_PANCREAS,pancreas,exocrine
BT20_BREAST,breast,breast_ductal_carcinoma
SNU761_LIVER,liver,hepatocellular_carcinoma
HUTU80_SMALL_INTESTINE,gastric,duodenal_adenocarcinoma
KMS34_HAEMATOPOIETIC_AND_LYMPHOID_TISSUE,plasma_cell,multiple_myeloma
HEYA8_OVARY,ovary,ovary_adenocarcinoma
SNU489_CENTRAL_NERVOUS_SYSTEM,central_nervous_system,glioma
OE21_OESOPHAGUS,esophagus,esophagus_squamous
VMCUB1_URINARY_TRACT,urinary_tract,bladder_carcinoma
HSC4_UPPER_AERODIGESTIVE_TRACT,upper_aerodigestive,upper_aerodigestive_squamous
HT1197_URINARY_TRACT,urinary_tract,bladder_carcinoma
BHY_UPPER_AERODIGESTIVE_TRACT,upper_aerodigestive,upper_aerodigestive_squamous
SNU1076_UPPER_AERODIGESTIVE_TRACT,upper_aerodigestive,upper_aerodigestive_squamous
IGR39_SKIN,skin,melanoma
K562_HAEMATOPOIETIC_AND_LYMPHOID_TISSUE,blood,CML
HT29_LARGE_INTESTINE,colorectal,colorectal_adenocarcinoma
SQ1_LUNG,lung,NSCLC
UACC893_BREAST,breast,breast_ductal_carcinoma
A498_KIDNEY,kidney,renal_cell_carcinoma
SIHA_CERVIX,cervix,cervical_carcinoma
AML193_HAEMATOPOIETIC_AND_LYMPHOID_TISSUE,blood,AML
A172_CENTRAL_NERVOUS_SYSTEM,central_nervous_system,glioma
NCIH1836_LUNG,lung,SCLC
ECC10_STOMACH,gastric,gastric_small_cell
TT_OESOPHAGUS,esophagus,esophagus_squamous
HCC78_LUNG,lung,NSCLC
EBC1_LUNG,lung,NSCLC
KHM1B_HAEMATOPOIETIC_AND_LYMPHOID_TISSUE,plasma_cell,multiple_myeloma
RCM1_LARGE_INTESTINE,colorectal,colorectal_adenocarcinoma
SW1710_URINARY_TRACT,urinary_tract,bladder_carcinoma
ST486_HAEMATOPOIETIC_AND_LYMPHOID_TISSUE,lymphocyte,non_hodgkin_lymphoma
UACC812_BREAST,breast,breast_ductal_carcinoma
ISTMES1_PLEURA,lung,mesothelioma
YKG1_CENTRAL_NERVOUS_SYSTEM,central_nervous_system,glioma
T98G_CENTRAL_NERVOUS_SYSTEM,central_nervous_system,glioma
G361_SKIN,skin,melanoma
MDAMB436_BREAST,breast,breast_carcinoma
FUOV1_OVARY,ovary,ovary_adenocarcinoma
KMS27_HAEMATOPOIETIC_AND_LYMPHOID_TISSUE,plasma_cell,multiple_myeloma
JHH2_LIVER,liver,hepatocellular_carcinoma
HCC1171_LUNG,lung,NSCLC
UACC257_SKIN,skin,melanoma
C32_SKIN,skin,melanoma
SNU16_STOMACH,gastric,gastric_adenocarcinoma
COLO741_SKIN,skin,melanoma
MC116_HAEMATOPOIETIC_AND_LYMPHOID_TISSUE,lymphocyte,non_hodgkin_lymphoma
JHOS4_OVARY,ovary,ovary_adenocarcinoma
EPLC272H_LUNG,lung,NSCLC
NCIH1876_LUNG,lung,SCLC
NCIH1975_LUNG,lung,NSCLC
KMS26_HAEMATOPOIETIC_AND_LYMPHOID_TISSUE,plasma_cell,multiple_myeloma
NCIH1437_LUNG,lung,NSCLC
TM31_CENTRAL_NERVOUS_SYSTEM,central_nervous_system,glioma
BC3C_URINARY_TRACT,urinary_tract,bladder_carcinoma
DMS153_LUNG,lung,SCLC
LN229_CENTRAL_NERVOUS_SYSTEM,central_nervous_system,glioma
LCLC97TM1_LUNG,lung,NSCLC
KMS21BM_HAEMATOPOIETIC_AND_LYMPHOID_TISSUE,plasma_cell,multiple_myeloma
PATU8902_PANCREAS,pancreas,exocrine
MIAPACA2_PANCREAS,pancreas,exocrine
M07E_HAEMATOPOIETIC_AND_LYMPHOID_TISSUE,blood,AML
BEN_LUNG,lung,NSCLC
KYO1_HAEMATOPOIETIC_AND_LYMPHOID_TISSUE,blood,CML
TE6_OESOPHAGUS,esophagus,esophagus_squamous
PECAPJ34CLONEC12_UPPER_AERODIGESTIVE_TRACT,upper_aerodigestive,upper_aerodigestive_squamous
KYM1_SOFT_TISSUE,soft_tissue,malignant_rhabdoid_tumor
COV644_OVARY,ovary,ovary_adenocarcinoma
SF126_CENTRAL_NERVOUS_SYSTEM,central_nervous_system,glioma
NCIH2227_LUNG,lung,SCLC
SUDHL6_HAEMATOPOIETIC_AND_LYMPHOID_TISSUE,lymphocyte,non_hodgkin_lymphoma
HOS_BONE,bone,osteosarcoma
RVH421_SKIN,skin,melanoma
SKMEL28_SKIN,skin,melanoma
HS746T_STOMACH,gastric,gastric_adenocarcinoma
OVCAR4_OVARY,ovary,ovary_adenocarcinoma
SNU1041_UPPER_AERODIGESTIVE_TRACT,upper_aerodigestive,upper_aerodigestive_squamous
PECAPJ15_UPPER_AERODIGESTIVE_TRACT,upper_aerodigestive,upper_aerodigestive_squamous
JHH1_LIVER,liver,hepatocellular_carcinoma
MDAMB157_BREAST,breast,breast_ductal_carcinoma
KNS42_CENTRAL_NERVOUS_SYSTEM,central_nervous_system,glioma
SNU201_CENTRAL_NERVOUS_SYSTEM,central_nervous_system,glioma
HCC1806_BREAST,breast,breast_ductal_carcinoma
HEP3B217_LIVER,liver,hepatocellular_carcinoma
U266B1_HAEMATOPOIETIC_AND_LYMPHOID_TISSUE,plasma_cell,multiple_myeloma
LCLC103H_LUNG,lung,NSCLC
NCIH596_LUNG,lung,NSCLC
YD8_UPPER_AERODIGESTIVE_TRACT,upper_aerodigestive,upper_aerodigestive_squamous
KS1_CENTRAL_NERVOUS_SYSTEM,central_nervous_system,glioma
HS944T_SKIN,skin,melanoma
FU97_STOMACH,gastric,gastric_adenocarcinoma
SNU119_OVARY,ovary,ovary_adenocarcinoma
RPMI8402_HAEMATOPOIETIC_AND_LYMPHOID_TISSUE,blood,ALL
KYSE520_OESOPHAGUS,esophagus,esophagus_squamous
NCIH441_LUNG,lung,NSCLC
NCIH211_LUNG,lung,SCLC
SKMEL31_SKIN,skin,melanoma
CMK_HAEMATOPOIETIC_AND_LYMPHOID_TISSUE,blood,AML
HDQP1_BREAST,breast,breast_ductal_carcinoma
COLO829_SKIN,skin,melanoma
JL1_PLEURA,lung,mesothelioma
TE1_OESOPHAGUS,esophagus,esophagus_squamous
NCIH28_PLEURA,lung,mesothelioma
786O_KIDNEY,kidney,renal_cell_carcinoma
IGR37_SKIN,skin,melanoma
SW620_LARGE_INTESTINE,colorectal,colorectal_adenocarcinoma
SUIT2_PANCREAS,pancreas,exocrine
JJN3_HAEMATOPOIETIC_AND_LYMPHOID_TISSUE,plasma_cell,multiple_myeloma
RAJI_HAEMATOPOIETIC_AND_LYMPHOID_TISSUE,lymphocyte,non_hodgkin_lymphoma
SF268_CENTRAL_NERVOUS_SYSTEM,central_nervous_system,glioma
SUDHL8_HAEMATOPOIETIC_AND_LYMPHOID_TISSUE,lymphocyte,non_hodgkin_lymphoma
A2780_OVARY,ovary,ovary_adenocarcinoma
KMS18_HAEMATOPOIETIC_AND_LYMPHOID_TISSUE,plasma_cell,multiple_myeloma
SCLC21H_LUNG,lung,SCLC
SUDHL5_HAEMATOPOIETIC_AND_LYMPHOID_TISSUE,lymphocyte,non_hodgkin_lymphoma
WM1799_SKIN,skin,melanoma
CORL23_LUNG,lung,NSCLC
OVTOKO_OVARY,ovary,ovary_adenocarcinoma
SUDHL1_HAEMATOPOIETIC_AND_LYMPHOID_TISSUE,lymphocyte,non_hodgkin_lymphoma
SKMES1_LUNG,lung,NSCLC
NCIH1355_LUNG,lung,NSCLC
HCC44_LUNG,lung,NSCLC
HCC70_BREAST,breast,breast_ductal_carcinoma
SW900_LUNG,lung,NSCLC
SBC5_LUNG,lung,SCLC
HUH6_LIVER,liver,hepatoblastoma
IALM_LUNG,lung,NSCLC
NUGC4_STOMACH,gastric,gastric_adenocarcinoma
NCIH1734_LUNG,lung,NSCLC
SW1573_LUNG,lung,NSCLC
MKN7_STOMACH,gastric,gastric_adenocarcinoma
OE19_OESOPHAGUS,esophagus,esophagus_squamous
SW948_LARGE_INTESTINE,colorectal,colorectal_adenocarcinoma
A549_LUNG,lung,NSCLC
SNU1066_UPPER_AERODIGESTIVE_TRACT,upper_aerodigestive,upper_aerodigestive_squamous
SNU503_LARGE_INTESTINE,colorectal,colorectal_adenocarcinoma
KMRC1_KIDNEY,kidney,renal_cell_carcinoma
L33_PANCREAS,pancreas,exocrine
SNU878_LIVER,liver,hepatocellular_carcinoma
CI1_HAEMATOPOIETIC_AND_LYMPHOID_TISSUE,lymphocyte,non_hodgkin_lymphoma
OV7_OVARY,ovary,ovary_adenocarcinoma
RH18_SOFT_TISSUE,soft_tissue,rhabdomyosarcoma
HCC2157_BREAST,breast,breast_ductal_carcinoma
SNU899_UPPER_AERODIGESTIVE_TRACT,upper_aerodigestive,upper_aerodigestive_squamous
KYSE180_OESOPHAGUS,esophagus,esophagus_squamous
TE9_OESOPHAGUS,esophagus,esophagus_squamous
CORL47_LUNG,lung,SCLC
OVCAR8_OVARY,ovary,ovary_adenocarcinoma
A3KAW_HAEMATOPOIETIC_AND_LYMPHOID_TISSUE,lymphocyte,non_hodgkin_lymphoma
DMS53_LUNG,lung,SCLC
HCC1395_BREAST,breast,breast_ductal_carcinoma
L1236_HAEMATOPOIETIC_AND_LYMPHOID_TISSUE,lymphocyte,hodgkin_lymphoma
DMS79_LUNG,lung,SCLC
OAW42_OVARY,ovary,ovary_carcinoma
LC1F_LUNG,lung,NSCLC
EKVX_LUNG,lung,NSCLC
P3HR1_HAEMATOPOIETIC_AND_LYMPHOID_TISSUE,lymphocyte,non_hodgkin_lymphoma
KMRC2_KIDNEY,kidney,renal_cell_carcinoma
JIMT1_BREAST,breast,breast_ductal_carcinoma
HCC1833_LUNG,lung,NSCLC
CAOV3_OVARY,ovary,ovary_adenocarcinoma
KMS11_HAEMATOPOIETIC_AND_LYMPHOID_TISSUE,plasma_cell,multiple_myeloma
SNU1214_UPPER_AERODIGESTIVE_TRACT,upper_aerodigestive,upper_aerodigestive_squamous
TT2609C02_THYROID,thyroid,thyroid_carcinoma
COLO680N_OESOPHAGUS,esophagus,esophagus_squamous
NCIH2291_LUNG,lung,NSCLC
RMGI_OVARY,ovary,ovary_adenocarcinoma
TCCSUP_URINARY_TRACT,urinary_tract,bladder_carcinoma
HMC18_BREAST,breast,breast_carcinoma
SNUC1_LARGE_INTESTINE,colorectal,colorectal_adenocarcinoma
YD10B_UPPER_AERODIGESTIVE_TRACT,upper_aerodigestive,upper_aerodigestive_squamous
HT1376_URINARY_TRACT,urinary_tract,bladder_carcinoma
HCC202_BREAST,breast,breast_ductal_carcinoma
TE14_OESOPHAGUS,esophagus,esophagus_squamous
NCIH2066_LUNG,lung,SCLC
KASUMI2_HAEMATOPOIETIC_AND_LYMPHOID_TISSUE,blood,ALL
NCIH1963_LUNG,lung,SCLC
SKMEL5_SKIN,skin,melanoma
HCC2279_LUNG,lung,NSCLC
PECAPJ41CLONED2_UPPER_AERODIGESTIVE_TRACT,upper_aerodigestive,upper_aerodigestive_squamous
NCIH1838_LUNG,lung,NSCLC
JHH5_LIVER,liver,hepatocellular_carcinoma
PECAPJ49_UPPER_AERODIGESTIVE_TRACT,upper_aerodigestive,upper_aerodigestive_squamous
SNU601_STOMACH,gastric,gastric_adenocarcinoma
NCIH1385_LUNG,lung,NSCLC
GB1_CENTRAL_NERVOUS_SYSTEM,central_nervous_system,glioma
HEPG2_LIVER,liver,hepatocellular_carcinoma
A253_SALIVARY_GLAND,upper_aerodigestive,upper_aerodigestive_squamous
UBLC1_URINARY_TRACT,urinary_tract,bladder_carcinoma
CORL95_LUNG,lung,SCLC
NCIH1623_LUNG,lung,NSCLC
MOLP8_HAEMATOPOIETIC_AND_LYMPHOID_TISSUE,plasma_cell,multiple_myeloma
GSS_STOMACH,gastric,gastric_adenocarcinoma
NCIH1703_LUNG,lung,NSCLC
SJSA1_BONE,bone,osteosarcoma
DMS273_LUNG,lung,SCLC
LOXIMVI_SKIN,skin,melanoma
OCIM1_HAEMATOPOIETIC_AND_LYMPHOID_TISSUE,blood,AML
NCIH196_LUNG,lung,SCLC
JMSU1_URINARY_TRACT,urinary_tract,bladder_carcinoma
L428_HAEMATOPOIETIC_AND_LYMPHOID_TISSUE,lymphocyte,hodgkin_lymphoma
HCC2218_BREAST,breast,breast_ductal_carcinoma
GI1_CENTRAL_NERVOUS_SYSTEM,central_nervous_system,glioma
A427_LUNG,lung,NSCLC
MKN74_STOMACH,gastric,gastric_adenocarcinoma
MDAMB175VII_BREAST,breast,breast_ductal_carcinoma
YD38_UPPER_AERODIGESTIVE_TRACT,upper_aerodigestive,upper_aerodigestive_squamous
MM1S_HAEMATOPOIETIC_AND_LYMPHOID_TISSUE,plasma_cell,multiple_myeloma
SH10TC_STOMACH,gastric,gastric_adenocarcinoma
WM983B_SKIN,skin,melanoma
NCIH1648_LUNG,lung,NSCLC
NCIH526_LUNG,lung,SCLC
MDAMB231_BREAST,breast,breast_carcinoma
LK2_LUNG,lung,NSCLC
P31FUJ_HAEMATOPOIETIC_AND_LYMPHOID_TISSUE,blood,AML
BICR56_UPPER_AERODIGESTIVE_TRACT,upper_aerodigestive,upper_aerodigestive_squamous
TE441T_SOFT_TISSUE,soft_tissue,rhabdomyosarcoma
KIJK_HAEMATOPOIETIC_AND_LYMPHOID_TISSUE,lymphocyte,non_hodgkin_lymphoma
RERFLCAD2_LUNG,lung,NSCLC
NCIH727_LUNG,lung,lung_carcinoid
ONS76_CENTRAL_NERVOUS_SYSTEM,central_nervous_system,medulloblastoma
KYSE30_OESOPHAGUS,esophagus,esophagus_squamous
HSC3_UPPER_AERODIGESTIVE_TRACT,upper_aerodigestive,upper_aerodigestive_squamous
NCIH1105_LUNG,lung,SCLC
NCIH2023_LUNG,lung,NSCLC
SEM_HAEMATOPOIETIC_AND_LYMPHOID_TISSUE,blood,ALL
CAMA1_BREAST,breast,breast_carcinoma
KYSE70_OESOPHAGUS,esophagus,esophagus_squamous
NCIH2126_LUNG,lung,NSCLC
DAUDI_HAEMATOPOIETIC_AND_LYMPHOID_TISSUE,lymphocyte,non_hodgkin_lymphoma
LXF289_LUNG,lung,NSCLC
A2058_SKIN,skin,melanoma
NCIH810_LUNG,lung,NSCLC
SHP77_LUNG,lung,SCLC
RERFLCAD1_LUNG,lung,NSCLC
BFTC909_KIDNEY,kidney,renal_cell_carcinoma
KATOIII_STOMACH,gastric,gastric_adenocarcinoma
BICR22_UPPER_AERODIGESTIVE_TRACT,upper_aerodigestive,upper_aerodigestive_squamous
MOLT13_HAEMATOPOIETIC_AND_LYMPHOID_TISSUE,blood,ALL
MCAS_OVARY,ovary,ovary_adenocarcinoma
CL40_LARGE_INTESTINE,colorectal,colorectal_adenocarcinoma
NCIH446_LUNG,lung,SCLC
HS936T_SKIN,skin,melanoma
BFTC905_URINARY_TRACT,urinary_tract,bladder_carcinoma
COLO668_LUNG,lung,SCLC
NB1_AUTONOMIC_GANGLIA,peripheral_nervous_system,neuroblastoma
COLO679_SKIN,skin,melanoma
L540_HAEMATOPOIETIC_AND_LYMPHOID_TISSUE,lymphocyte,hodgkin_lymphoma
SNU738_CENTRAL_NERVOUS_SYSTEM,central_nervous_system,glioma
HUH28_BILIARY_TRACT,bile_duct,cholangiocarcinoma
KYSE410_OESOPHAGUS,esophagus,esophagus_squamous
SKMEL30_SKIN,skin,melanoma
SKOV3_OVARY,ovary,ovary_adenocarcinoma
COLO783_SKIN,skin,melanoma
T3M10_LUNG,lung,NSCLC
HS939T_SKIN,skin,melanoma
KMH2_HAEMATOPOIETIC_AND_LYMPHOID_TISSUE,lymphocyte,hodgkin_lymphoma
NCIH524_LUNG,lung,SCLC
RPMI8226_HAEMATOPOIETIC_AND_LYMPHOID_TISSUE,plasma_cell,multiple_myeloma
BT483_BREAST,breast,breast_ductal_carcinoma
LN18_CENTRAL_NERVOUS_SYSTEM,central_nervous_system,glioma
SW403_LARGE_INTESTINE,colorectal,colorectal_adenocarcinoma
EJM_HAEMATOPOIETIC_AND_LYMPHOID_TISSUE,plasma_cell,multiple_myeloma
SKMEL24_SKIN,skin,melanoma
KYSE140_OESOPHAGUS,esophagus,esophagus_squamous
KYSE510_OESOPHAGUS,esophagus,esophagus_squamous
HOP92_LUNG,lung,NSCLC
CAL12T_LUNG,lung,NSCLC
WM793_SKIN,skin,melanoma
ZR7530_BREAST,breast,breast_ductal_carcinoma
HUNS1_HAEMATOPOIETIC_AND_LYMPHOID_TISSUE,plasma_cell,multiple_myeloma
NCIH1436_LUNG,lung,SCLC
HEC50B_ENDOMETRIUM,uterus,endometrial_adenocarcinoma
CAL27_UPPER_AERODIGESTIVE_TRACT,upper_aerodigestive,upper_aerodigestive_squamous
RH30_SOFT_TISSUE,soft_tissue,rhabdomyosarcoma
UMUC1_URINARY_TRACT,urinary_tract,bladder_carcinoma
GCT_SOFT_TISSUE,soft_tissue,pleomorphic_sarcoma
YD15_SALIVARY_GLAND,upper_aerodigestive,upper_aerodigestive_squamous
NCIH322_LUNG,lung,NSCLC
AMO1_HAEMATOPOIETIC_AND_LYMPHOID_TISSUE,plasma_cell,multiple_myeloma
SCABER_URINARY_TRACT,urinary_tract,bladder_carcinoma
HCC366_LUNG,lung,NSCLC
NCIH2087_LUNG,lung,NSCLC
HARA_LUNG,lung,NSCLC
DMS454_LUNG,lung,SCLC
NCIH1373_LUNG,lung,NSCLC
FADU_UPPER_AERODIGESTIVE_TRACT,upper_aerodigestive,upper_aerodigestive_squamous
HGC27_STOMACH,gastric,gastric_adenocarcinoma
JHH7_LIVER,liver,hepatocellular_carcinoma
MDAMB468_BREAST,breast,breast_carcinoma
MORCPR_LUNG,lung,NSCLC
NCIH1435_LUNG,lung,NSCLC
NCIH661_LUNG,lung,NSCLC
KYSE150_OESOPHAGUS,esophagus,esophagus_squamous
CAL51_BREAST,breast,breast_carcinoma
CAL851_BREAST,breast,breast_carcinoma
KNS62_LUNG,lung,NSCLC
HCC1954_BREAST,breast,breast_ductal_carcinoma
NCIH358_LUNG,lung,NSCLC
HOP62_LUNG,lung,NSCLC
KMBC2_URINARY_TRACT,urinary_tract,bladder_carcinoma
DBTRG05MG_CENTRAL_NERVOUS_SYSTEM,central_nervous_system,glioma
COLO684_ENDOMETRIUM,uterus,endometrial_adenocarcinoma
KYSE450_OESOPHAGUS,esophagus,esophagus_squamous
NCIH1048_LUNG,lung,SCLC
CHAGOK1_LUNG,lung,NSCLC
HCC1195_LUNG,lung,NSCLC
NCIH1568_LUNG,lung,NSCLC
NCIH510_LUNG,lung,SCLC
KYSE270_OESOPHAGUS,esophagus,esophagus_squamous
RS411_HAEMATOPOIETIC_AND_LYMPHOID_TISSUE,blood,ALL
NCIH2347_LUNG,lung,NSCLC
MDAMB415_BREAST,breast,breast_carcinoma
EB1_HAEMATOPOIETIC_AND_LYMPHOID_TISSUE,lymphocyte,non_hodgkin_lymphoma
HCC15_LUNG,lung,NSCLC
MFE296_ENDOMETRIUM,uterus,endometrial_adenocarcinoma
AGS_STOMACH,gastric,gastric_adenocarcinoma
MELJUSO_SKIN,skin,melanoma
IGR1_SKIN,skin,melanoma
SW1783_CENTRAL_NERVOUS_SYSTEM,central_nervous_system,glioma
MDAMB435S_SKIN,skin,melanoma
TOV21G_OVARY,ovary,ovary_adenocarcinoma
NCIH2009_LUNG,lung,NSCLC
NCIH1793_LUNG,lung,NSCLC
KMM1_HAEMATOPOIETIC_AND_LYMPHOID_TISSUE,plasma_cell,multiple_myeloma
SW1271_LUNG,lung,SCLC
HCC1438_LUNG,lung,NSCLC
NCIH1563_LUNG,lung,NSCLC
NCIH1651_LUNG,lung,NSCLC
NCIH1869_LUNG,lung,NSCLC
CL34_LARGE_INTESTINE,colorectal,colorectal_adenocarcinoma
647V_URINARY_TRACT,urinary_tract,bladder_carcinoma
FTC238_THYROID,thyroid,thyroid_carcinoma
SNU719_STOMACH,gastric,gastric_adenocarcinoma
WM88_SKIN,skin,melanoma
NCIH23_LUNG,lung,NSCLC
CAL148_BREAST,breast,breast_ductal_carcinoma
FTC133_THYROID,thyroid,thyroid_carcinoma
NCIH2106_LUNG,lung,NSCLC
5637_URINARY_TRACT,urinary_tract,bladder_carcinoma
ES2_OVARY,ovary,ovary_adenocarcinoma
JHUEM2_ENDOMETRIUM,uterus,endometrial_adenocarcinoma
MDAMB453_BREAST,breast,breast_carcinoma
NUGC3_STOMACH,gastric,gastric_adenocarcinoma
NCIH2286_LUNG,lung,SCLC
ESS1_ENDOMETRIUM,uterus,endometrial_stromal_sarcoma
HT_HAEMATOPOIETIC_AND_LYMPHOID_TISSUE,lymphocyte,non_hodgkin_lymphoma
IPC298_SKIN,skin,melanoma
NCIH1573_LUNG,lung,NSCLC
TE4_OESOPHAGUS,esophagus,esophagus_squamous
MOLT16_HAEMATOPOIETIC_AND_LYMPHOID_TISSUE,blood,ALL
IM95_STOMACH,gastric,gastric_adenocarcinoma
CMLT1_HAEMATOPOIETIC_AND_LYMPHOID_TISSUE,blood,CML
NCIH1339_LUNG,lung,SCLC
RCHACV_HAEMATOPOIETIC_AND_LYMPHOID_TISSUE,blood,ALL
BCP1_HAEMATOPOIETIC_AND_LYMPHOID_TISSUE,lymphocyte,non_hodgkin_lymphoma
NCIH2172_LUNG,lung,NSCLC
DV90_LUNG,lung,NSCLC
HT55_LARGE_INTESTINE,colorectal,colorectal_adenocarcinoma
BT474_BREAST,breast,breast_ductal_carcinoma
JHUEM1_ENDOMETRIUM,uterus,endometrial_adenocarcinoma
NCIH2110_LUNG,lung,NSCLC
HCC1569_BREAST,breast,breast_carcinoma
HMCB_SKIN,skin,melanoma
SNU1_STOMACH,gastric,gastric_adenocarcinoma
MDAMB361_BREAST,breast,breast_carcinoma
MDST8_LARGE_INTESTINE,colorectal,colorectal_adenocarcinoma
EFO27_OVARY,ovary,ovary_adenocarcinoma
PF382_HAEMATOPOIETIC_AND_LYMPHOID_TISSUE,blood,ALL
NALM6_HAEMATOPOIETIC_AND_LYMPHOID_TISSUE,blood,ALL
SKUT1_SOFT_TISSUE,soft_tissue,leiomyosarcoma
AN3CA_ENDOMETRIUM,uterus,endometrial_adenocarcinoma
HEC1B_ENDOMETRIUM,uterus,endometrial_adenocarcinoma
HPBALL_HAEMATOPOIETIC_AND_LYMPHOID_TISSUE,blood,ALL
RKO_LARGE_INTESTINE,colorectal,colorectal_adenocarcinoma
NAMALWA_HAEMATOPOIETIC_AND_LYMPHOID_TISSUE,lymphocyte,non_hodgkin_lymphoma
NCIH650_LUNG,lung,NSCLC
HEC265_ENDOMETRIUM,uterus,endometrial_adenocarcinoma
OVK18_OVARY,ovary,ovary_adenocarcinoma
2313287_STOMACH,gastric,gastric_adenocarcinoma
TGBC11TKB_STOMACH,gastric,gastric_adenocarcinoma
LOVO_LARGE_INTESTINE,colorectal,colorectal_adenocarcinoma
NCIH2342_LUNG,lung,NSCLC
SUPT1_HAEMATOPOIETIC_AND_LYMPHOID_TISSUE,blood,ALL
HEC1A_ENDOMETRIUM,uterus,endometrial_adenocarcinoma
SNU407_LARGE_INTESTINE,colorectal,colorectal_adenocarcinoma
22RV1_PROSTATE,prostate,prostate_adenocarcinoma
LS180_LARGE_INTESTINE,colorectal,colorectal_adenocarcinoma
SW48_LARGE_INTESTINE,colorectal,colorectal_adenocarcinoma
SNUC4_LARGE_INTESTINE,colorectal,colorectal_adenocarcinoma
REH_HAEMATOPOIETIC_AND_LYMPHOID_TISSUE,blood,ALL
ISHIKAWAHERAKLIO02ER_ENDOMETRIUM,uterus,endometrial_adenocarcinoma
OC314_OVARY,ovary,ovary_adenocarcinoma
CCK81_LARGE_INTESTINE,colorectal,colorectal_adenocarcinoma
RL952_ENDOMETRIUM,uterus,endometrial_adenosquamous
IGROV1_OVARY,ovary,ovary_adenocarcinoma
SNUC2A_LARGE_INTESTINE,colorectal,colorectal_adenocarcinoma
COLO792_SKIN,skin,melanoma
KM12_LARGE_INTESTINE,colorectal,colorectal_adenocarcinoma
SNUC5_LARGE_INTESTINE,colorectal,colorectal_adenocarcinoma
HCT116_LARGE_INTESTINE,colorectal,colorectal_adenocarcinoma
HEC151_ENDOMETRIUM,uterus,endometrial_adenocarcinoma
639V_URINARY_TRACT,urinary_tract,bladder_carcinoma
SNGM_ENDOMETRIUM,uterus,endometrial_adenocarcinoma
HUCCT1_BILIARY_TRACT,bile_duct,cholangiocarcinoma
LNCAPCLONEFGC_PROSTATE,prostate,prostate_adenocarcinoma
EN_ENDOMETRIUM,uterus,endometrial_adenocarcinoma
DU145_PROSTATE,prostate,prostate_adenocarcinoma
NCIH1155_LUNG,lung,NSCLC
DND41_HAEMATOPOIETIC_AND_LYMPHOID_TISSUE,blood,ALL
GP2D_LARGE_INTESTINE,colorectal,colorectal_adenocarcinoma
KCL22_HAEMATOPOIETIC_AND_LYMPHOID_TISSUE,blood,CML
HEC6_ENDOMETRIUM,uterus,endometrial_adenocarcinoma
LS411N_LARGE_INTESTINE,colorectal,colorectal_adenocarcinoma
HT115_LARGE_INTESTINE,colorectal,colorectal_adenocarcinoma
MEWO_SKIN,skin,melanoma
MFE319_ENDOMETRIUM,uterus,endometrial_adenocarcinoma
SNU175_LARGE_INTESTINE,colorectal,colorectal_adenocarcinoma
HEC108_ENDOMETRIUM,uterus,endometrial_adenocarcinoma
SNU81_LARGE_INTESTINE,colorectal,colorectal_adenocarcinoma
BICR18_UPPER_AERODIGESTIVE_TRACT,upper_aerodigestive,upper_aerodigestive_squamous
JHUEM7_ENDOMETRIUM,uterus,endometrial_adenocarcinoma
HEC59_ENDOMETRIUM,uterus,endometrial_adenocarcinoma
JURKAT_HAEMATOPOIETIC_AND_LYMPHOID_TISSUE,blood,ALL
HEC251_ENDOMETRIUM,uterus,endometrial_adenocarcinoma
HCT15_LARGE_INTESTINE,colorectal,colorectal_adenocarcinoma
CW2_LARGE_INTESTINE,colorectal,colorectal_adenocarcinoma
SNU1040_LARGE_INTESTINE,colorectal,colorectal_adenocarcinoma
451LU_SKIN,skin,melanoma
BECKER_CENTRAL_NERVOUS_SYSTEM,central_nervous_system,glioma
C3A_LIVER,liver,hepatocellular_carcinoma
CGTHW1_THYROID,thyroid,thyroid_carcinoma
CHL1_SKIN,skin,melanoma
COLO205_LARGE_INTESTINE,colorectal,colorectal_adenocarcinoma
CORL51_LUNG,lung,SCLC
CPCN_LUNG,lung,SCLC
DOV13_OVARY,ovary,ovary_adenocarcinoma
EB2_HAEMATOPOIETIC_AND_LYMPHOID_TISSUE,lymphocyte,non_hodgkin_lymphoma
EVSAT_BREAST,breast,breast_carcinoma
NCIH292_LUNG,lung,NSCLC
HCC1588_LUNG,lung,NSCLC
HCC2998_LARGE_INTESTINE,colorectal,colorectal_adenocarcinoma
HELA_CERVIX,cervix,cervical_carcinoma
HLE_LIVER,liver,hepatocellular_carcinoma
HN_UPPER_AERODIGESTIVE_TRACT,upper_aerodigestive,upper_aerodigestive_squamous
KOPN8_HAEMATOPOIETIC_AND_LYMPHOID_TISSUE,blood,ALL
KP1N_PANCREAS,pancreas,exocrine
LC1SQSF_LUNG,lung,NSCLC
M059J_CENTRAL_NERVOUS_SYSTEM,central_nervous_system,glioma
MOGGCCM_CENTRAL_NERVOUS_SYSTEM,central_nervous_system,glioma
MOGGUVW_CENTRAL_NERVOUS_SYSTEM,central_nervous_system,glioma
MOLT4_HAEMATOPOIETIC_AND_LYMPHOID_TISSUE,blood,ALL
MONOMAC1_HAEMATOPOIETIC_AND_LYMPHOID_TISSUE,blood,AML
MOTN1_HAEMATOPOIETIC_AND_LYMPHOID_TISSUE,lymphocyte,lymphoma_unspecified
MS1_SKIN,skin,merkel_cell_carcinoma
NCIH187_LUNG,lung,SCLC
NCIH1993_LUNG,lung,NSCLC
NCIH2141_LUNG,lung,SCLC
OCILY10_HAEMATOPOIETIC_AND_LYMPHOID_TISSUE,lymphocyte,non_hodgkin_lymphoma
OVCAR5_OVARY,ovary,ovary_adenocarcinoma
RPMI6666_HAEMATOPOIETIC_AND_LYMPHOID_TISSUE,unknown,
SJRH30_SOFT_TISSUE,soft_tissue,rhabdomyosarcoma
SKMEL2_SKIN,skin,melanoma
SKNEP1_BONE,bone,Ewing_sarcoma
SKPNDW_BONE,bone,Ewing_sarcoma
SNUC2B_LARGE_INTESTINE,colorectal,colorectal_adenocarcinoma
SUPHD1_HAEMATOPOIETIC_AND_LYMPHOID_TISSUE,lymphocyte,hodgkin_lymphoma
TK10_KIDNEY,kidney,
SCC90_UPPER_AERODIGESTIVE_TRACT,upper_aerodigestive,upper_aerodigestive_squamous
VMRCLCD_LUNG,lung,NSCLC
WM2664_SKIN,skin,melanoma
SW982_SOFT_TISSUE,soft_tissue,synovial_sarcoma
8305C_THYROID,thyroid,thyroid_carcinoma
8505C_THYROID,thyroid,thyroid_carcinoma
PLCPRF5_LIVER,liver,hepatocellular_carcinoma
A431_SKIN,skin,skin_squamous
BICR10_UPPER_AERODIGESTIVE_TRACT,upper_aerodigestive,upper_aerodigestive_squamous
BICR78_UPPER_AERODIGESTIVE_TRACT,upper_aerodigestive,upper_aerodigestive_squamous
C33A_CERVIX,cervix,cervical_carcinoma
C4I_CERVIX,cervix,cervical_carcinoma
CASKI_CERVIX,cervix,cervical_squamous
CHP134_AUTONOMIC_GANGLIA,peripheral_nervous_system,neuroblastoma
DOTC24510_CERVIX,cervix,cervical_adenocarcinoma
GIMEN_AUTONOMIC_GANGLIA,peripheral_nervous_system,neuroblastoma
GP5D_LARGE_INTESTINE,colorectal,colorectal_adenocarcinoma
HTCC3_THYROID,thyroid,thyroid_carcinoma
LAN6_AUTONOMIC_GANGLIA,peripheral_nervous_system,neuroblastoma
MDAMB330_BREAST,breast,breast_carcinoma
ME180_CERVIX,cervix,cervical_squamous
MS751_CERVIX,cervix,cervical_squamous
NCIH1770_LUNG,lung,NSCLC
NCIH2135_LUNG,lung,NSCLC
NCIH345_LUNG,lung,SCLC
NCIH847_LUNG,lung,SCLC
OACM51_OESOPHAGUS,esophagus,esophagus_adenocarcinoma
OV17R_OVARY,ovary,ovary_adenocarcinoma
PA1_OVARY,ovary,mixed_germ_cell
PWR1E_PROSTATE,prostate,prostate_adenocarcinoma
RO82W1_THYROID,thyroid,thyroid_carcinoma
RPMI2650_UPPER_AERODIGESTIVE_TRACT,upper_aerodigestive,upper_aerodigestive_squamous
SW156_KIDNEY,kidney,renal_cell_carcinoma
SW626_OVARY,colorectal,colorectal_adenocarcinoma
SW954_VULVA,cervix,cervical_squamous
SW13_ADRENAL_CORTEX,adrenal_cortex,adrenal_carcinoma
SW756_CERVIX,cervix,cervical_squamous
UMC11_LUNG,lung,lung_carcinoid
A388_SKIN,epidermoid_carcinoma,skin_squamous 
ASH3_THYROID,thyroid,thyroid_carcinoma
BPH1_PROSTATE,prostate,prostate_hyperplasia
CORL321_PLEURA,lung,lung_carcinoma
EGI1_BILIARY_TRACT,bile_duct,cholangiocarcinoma
ESO26_OESOPHAGUS,esophagus,esophagus_adenocarcinoma
ESO51_OESOPHAGUS,esophagus,esophagus_adenocarcinoma
FARAGE_HAEMATOPOIETIC_AND_LYMPHOID_TISSUE,lymphocyte,non_hodgkin_lymphoma
FLO1_OESOPHAGUS,esophagus,esophagus_adenocarcinoma
HEC1_ENDOMETRIUM,uterus,endometrial_adenocarcinoma
HEMCSS_BONE,bone,chondrosarcoma
HT3_CERVIX,cervix,cervical_carcinoma
HUO9_BONE,bone,osteosarcoma
IHH4_THYROID,thyroid,thyroid_carcinoma
JAR_PLACENTA,uterus,choriocarcinoma
JEG3_PLACENTA,uterus,choriocarcinoma
KON_UPPER_AERODIGESTIVE_TRACT,upper_aerodigestive,upper_aerodigestive_squamous
KYAE1_OESOPHAGUS,esophagus,esophagus_adenocarcinoma
LU135_LUNG,lung,SCLC
MCC13_SKIN,skin,merkel_cell_carcinoma
MCC26_SKIN,skin,merkel_cell_carcinoma
NCIH1417_LUNG,lung,SCLC
NCIH64_LUNG,lung,SCLC
NH12_AUTONOMIC_GANGLIA,peripheral_nervous_system,neuroblastoma
NO10_CENTRAL_NERVOUS_SYSTEM,central_nervous_system,glioma
NO11_CENTRAL_NERVOUS_SYSTEM,central_nervous_system,glioma
OCILY7_HAEMATOPOIETIC_AND_LYMPHOID_TISSUE,lymphocyte,non_hodgkin_lymphoma
OSC19_UPPER_AERODIGESTIVE_TRACT,upper_aerodigestive,upper_aerodigestive_squamous
OSC20_UPPER_AERODIGESTIVE_TRACT,upper_aerodigestive,upper_aerodigestive_squamous
PEO1_OVARY,ovary,ovary_adenocarcinoma
RCK8_HAEMATOPOIETIC_AND_LYMPHOID_TISSUE,lymphocyte,lymphoma_unspecified
ROS50_HAEMATOPOIETIC_AND_LYMPHOID_TISSUE,blood,ALL
SAT_UPPER_AERODIGESTIVE_TRACT,upper_aerodigestive,upper_aerodigestive_squamous
SCC3_HAEMATOPOIETIC_AND_LYMPHOID_TISSUE,lymphocyte,non_hodgkin_lymphoma
SISO_CERVIX,cervix,cervical_adenocarcinoma
SKGT2_STOMACH,gastric,gastric_adenocarcinoma
SKGT4_OESOPHAGUS,esophagus,esophagus_adenocarcinoma
SKN_ENDOMETRIUM,uterus,endometrial_squamous
TASK1_CENTRAL_NERVOUS_SYSTEM,peripheral_nervous_system,PNET
TGW_AUTONOMIC_GANGLIA,peripheral_nervous_system,neuroblastoma
U698M_HAEMATOPOIETIC_AND_LYMPHOID_TISSUE,lymphocyte,non_hodgkin_lymphoma
VAESBJ_SOFT_TISSUE,soft_tissue,epithelioid_sarcoma
VAL_HAEMATOPOIETIC_AND_LYMPHOID_TISSUE,lymphocyte,non_hodgkin_lymphoma
VMRCMELG_SKIN,skin,melanoma
WSUNHL_HAEMATOPOIETIC_AND_LYMPHOID_TISSUE,lymphocyte,lymphoma_unspecified
PFSK1_CENTRAL_NERVOUS_SYSTEM,central_nervous_system,PNET
CAL72_BONE,bone,osteosarcoma
GOTO_AUTONOMIC_GANGLIA,peripheral_nervous_system,neuroblastoma
CCRFCEM_HAEMATOPOIETIC_AND_LYMPHOID_TISSUE,blood,ALL
MFM223_BREAST,breast,breast_ductal_carcinoma
COLO824_BREAST,breast,
TGBC1TKB_BILIARY_TRACT,bile_duct,gallbladder_adenocarcinoma
MS1_SKIN,lung,SCLC
SKGIIIA_CERVIX,cervix,cervical_carcinoma
SAS_UPPER_AERODIGESTIVE_TRACT,upper_aerodigestive,upper_aerodigestive_squamous
HMVII_SKIN,skin,melanoma
CA922_UPPER_AERODIGESTIVE_TRACT,upper_aerodigestive,upper_aerodigestive_carcinoma
HO1U1_UPPER_AERODIGESTIVE_TRACT,upper_aerodigestive,upper_aerodigestive_squamous
LU134A_LUNG,lung,SCLC
LU139_LUNG,lung,SCLC
ATN1_HAEMATOPOIETIC_AND_LYMPHOID_TISSUE,blood,ALL
P30OHK_HAEMATOPOIETIC_AND_LYMPHOID_TISSUE,blood,ALL
SLVL_HAEMATOPOIETIC_AND_LYMPHOID_TISSUE,lymphocyte,lymphoma_unspecified
NOS1_BONE,bone,osteosarcoma
LU165_LUNG,lung,SCLC
NB69_AUTONOMIC_GANGLIA,peripheral_nervous_system,neuroblastoma
201T_LUNG,lung,NSCLC
BB65RCC_KIDNEY,kidney,renal_cell_carcinoma
CAL39_VULVA,skin,skin_squamous
CHSA0011_BONE,bone,chondrosarcoma
CHSA0108_BONE,bone,chondrosarcoma
CHSA8926_BONE,bone,chondrosarcoma
CORL303_LUNG,lung,SCLC
CP50MELB_SKIN,skin,melanoma
CP66MEL_SKIN,skin,melanoma
CP67MEL_SKIN,skin,melanoma
CS1_BONE,bone,chondrosarcoma
DJM1_SKIN,skin,skin_squamous
EMCBAC1_LUNG,lung,NSCLC
EMCBAC2_LUNG,lung,NSCLC
ES1_BONE,bone,Ewing_sarcoma
ES3_BONE,bone,Ewing_sarcoma
ES4_BONE,bone,Ewing_sarcoma
ES5_BONE,bone,Ewing_sarcoma
ES6_BONE,bone,Ewing_sarcoma
ES7_BONE,bone,Ewing_sarcoma
ES8_BONE,bone,Ewing_sarcoma
EW1_BONE,bone,Ewing_sarcoma
EW11_BONE,bone,Ewing_sarcoma
EW13_BONE,bone,Ewing_sarcoma
EW16_BONE,bone,Ewing_sarcoma
EW18_BONE,bone,Ewing_sarcoma
EW22_BONE,bone,Ewing_sarcoma
EW24_BONE,bone,Ewing_sarcoma
EW3_BONE,bone,Ewing_sarcoma
EW7_BONE,bone,Ewing_sarcoma
GAK_SKIN,skin,melanoma
GMEL_SKIN,skin,melanoma
GT3TKB_STOMACH,lung,NSCLC
H2369_PLEURA,lung,mesothelioma
H290_PLEURA,lung,mesothelioma
HA7RCC_KIDNEY,kidney,renal_cell_carcinoma
HEY_OVARY,ovary,ovary_adenocarcinoma
HSC39_STOMACH,gastric,gastric_adenocarcinoma
HUO3N1_BONE,bone,osteosarcoma
ISTMEL1_SKIN,skin,melanoma
ISTSL1_LUNG,lung,SCLC
ISTSL2_LUNG,lung,SCLC
JHOS3_OVARY,ovary,ovary_adenocarcinoma
K2_SKIN,skin,melanoma
K5_THYROID,thyroid,thyroid_carcinoma
KGN_OVARY,ovary,granulosa_cell_tumor
LB1047RCC_KIDNEY,kidney,renal_cell_carcinoma
LB2241RCC_KIDNEY,kidney,renal_cell_carcinoma
LB2518MEL_SKIN,skin,melanoma
LB373MELD_SKIN,skin,melanoma
LB647SCLC_LUNG,lung,SCLC
LB996RCC_KIDNEY,kidney,renal_cell_carcinoma
LC1SQ_LUNG,lung,NSCLC
LC2AD_LUNG,lung,NSCLC
M14_SKIN,skin,melanoma
MCIXC_AUTONOMIC_GANGLIA,bone,Ewing_sarcoma
MKN28_STOMACH,gastric,gastric_adenocarcinoma
MMACSF_SKIN,skin,melanoma
MRKNU1_BREAST,breast,breast_carcinoma
MZ1PC_PANCREAS,pancreas,exocrine
MZ2MEL_SKIN,skin,melanoma
MZ7MEL_SKIN,skin,melanoma
NCC010_KIDNEY,kidney,renal_cell_carcinoma
NCC021_KIDNEY,kidney,renal_cell_carcinoma
NCIH1304_LUNG,lung,SCLC
NCIH1688_LUNG,lung,SCLC
NCIH720_LUNG,lung,lung_carcinoid
NCIH748_LUNG,lung,SCLC
NCIH835_LUNG,lung,lung_carcinoid
NY_BONE,bone,osteosarcoma
OCUBM_BREAST,breast,breast_carcinoma
OMC1_CERVIX,cervix,cervical_squamous
OVCA420_OVARY,ovary,ovary_adenocarcinoma
OVCA433_OVARY,ovary,ovary_adenocarcinoma
OVMIU_OVARY,ovary,ovary_adenocarcinoma
PL18_PANCREAS,pancreas,exocrine
PL4_PANCREAS,pancreas,exocrine
RCCAB_KIDNEY,kidney,renal_cell_carcinoma
RCCER_KIDNEY,kidney,renal_cell_carcinoma
RCCFG2_KIDNEY,kidney,renal_cell_carcinoma
RCCJF_KIDNEY,kidney,renal_cell_carcinoma
RCCJW_KIDNEY,kidney,renal_cell_carcinoma
RCCMF_KIDNEY,kidney,renal_cell_carcinoma
RH1_SOFT_TISSUE,bone,Ewing_sarcoma
RXF393_KIDNEY,kidney,renal_cell_carcinoma
SBC1_LUNG,lung,SCLC
SBC3_LUNG,lung,SCLC
SCH_STOMACH,gastric,choriocarcinoma
SN12C_KIDNEY,kidney,renal_cell_carcinoma
SW962_VULVA,skin,
TCYIK_CERVIX,cervix,cervical_small_cell
TMK1_STOMACH,gastric,gastric_adenocarcinoma
WM1552C_SKIN,skin,melanoma
WM278_SKIN,skin,melanoma
WM35_SKIN,skin,melanoma
YMB1E_BREAST,breast,breast_ductal_carcinoma
ALLPO_HAEMATOPOIETIC_AND_LYMPHOID_TISSUE,blood,ALL
ARH77_HAEMATOPOIETIC_AND_LYMPHOID_TISSUE,engineered,
BALL1_HAEMATOPOIETIC_AND_LYMPHOID_TISSUE,blood,ALL
BB30HNC_UPPER_AERODIGESTIVE_TRACT,upper_aerodigestive,upper_aerodigestive_squamous
BB49HNC_UPPER_AERODIGESTIVE_TRACT,upper_aerodigestive,upper_aerodigestive_squamous
BC1_HAEMATOPOIETIC_AND_LYMPHOID_TISSUE,lymphocyte,non_hodgkin_lymphoma
BC3_HAEMATOPOIETIC_AND_LYMPHOID_TISSUE,lymphocyte,non_hodgkin_lymphoma
BE13_HAEMATOPOIETIC_AND_LYMPHOID_TISSUE,blood,ALL
BE2M17_AUTONOMIC_GANGLIA,peripheral_nervous_system,neuroblastoma
CESS_HAEMATOPOIETIC_AND_LYMPHOID_TISSUE,blood,AML
CROAP2_HAEMATOPOIETIC_AND_LYMPHOID_TISSUE,lymphocyte,non_hodgkin_lymphoma
CTB1_HAEMATOPOIETIC_AND_LYMPHOID_TISSUE,lymphocyte,non_hodgkin_lymphoma
CTV1_HAEMATOPOIETIC_AND_LYMPHOID_TISSUE,blood,ALL
D247MG_CENTRAL_NERVOUS_SYSTEM,central_nervous_system,glioma
D263MG_CENTRAL_NERVOUS_SYSTEM,central_nervous_system,glioma
D336MG_CENTRAL_NERVOUS_SYSTEM,central_nervous_system,glioma
D392MG_CENTRAL_NERVOUS_SYSTEM,central_nervous_system,glioma
D423MG_CENTRAL_NERVOUS_SYSTEM,central_nervous_system,glioma
D502MG_CENTRAL_NERVOUS_SYSTEM,central_nervous_system,glioma
D542MG_CENTRAL_NERVOUS_SYSTEM,central_nervous_system,glioma
D566MG_CENTRAL_NERVOUS_SYSTEM,central_nervous_system,glioma
DG75_HAEMATOPOIETIC_AND_LYMPHOID_TISSUE,lymphocyte,non_hodgkin_lymphoma
DIFI_LARGE_INTESTINE,colorectal,colorectal_adenocarcinoma
DOK_UPPER_AERODIGESTIVE_TRACT,upper_aerodigestive,
DSH1_URINARY_TRACT,urinary_tract,bladder_carcinoma
EB3_HAEMATOPOIETIC_AND_LYMPHOID_TISSUE,lymphocyte,non_hodgkin_lymphoma
ETK1_BILIARY_TRACT,bile_duct,cholangiocarcinoma
GRST_HAEMATOPOIETIC_AND_LYMPHOID_TISSUE,blood,ALL
H3118_UPPER_AERODIGESTIVE_TRACT,upper_aerodigestive,
H9_HAEMATOPOIETIC_AND_LYMPHOID_TISSUE,lymphocyte,non_hodgkin_lymphoma
HAL01_HAEMATOPOIETIC_AND_LYMPHOID_TISSUE,blood,ALL
HC1_HAEMATOPOIETIC_AND_LYMPHOID_TISSUE,blood,hairy_cell_leukemia
HCE4_OESOPHAGUS,esophagus,esophagus_squamous
HO1N1_UPPER_AERODIGESTIVE_TRACT,upper_aerodigestive,upper_aerodigestive_squamous
HS445_HAEMATOPOIETIC_AND_LYMPHOID_TISSUE,lymphocyte,hodgkin_lymphoma
HS633T_SOFT_TISSUE,soft_tissue,fibrosarcoma
IM9_HAEMATOPOIETIC_AND_LYMPHOID_TISSUE,engineered,
IMR5_AUTONOMIC_GANGLIA,peripheral_nervous_system,neuroblastoma
JHU011_UPPER_AERODIGESTIVE_TRACT,upper_aerodigestive,upper_aerodigestive_squamous
JHU022_UPPER_AERODIGESTIVE_TRACT,upper_aerodigestive,upper_aerodigestive_squamous
JHU029_UPPER_AERODIGESTIVE_TRACT,upper_aerodigestive,upper_aerodigestive_squamous
JIYOYEP2003_HAEMATOPOIETIC_AND_LYMPHOID_TISSUE,lymphocyte,non_hodgkin_lymphoma
JSC1_HAEMATOPOIETIC_AND_LYMPHOID_TISSUE,lymphocyte,non_hodgkin_lymphoma
KARPAS1106P_HAEMATOPOIETIC_AND_LYMPHOID_TISSUE,lymphocyte,non_hodgkin_lymphoma
KARPAS231_HAEMATOPOIETIC_AND_LYMPHOID_TISSUE,lymphocyte,non_hodgkin_lymphoma
KARPAS45_HAEMATOPOIETIC_AND_LYMPHOID_TISSUE,blood,ALL
KINGS1_CENTRAL_NERVOUS_SYSTEM,central_nervous_system,glioma
KMOE2_HAEMATOPOIETIC_AND_LYMPHOID_TISSUE,blood,AML
KNS81FD_CENTRAL_NERVOUS_SYSTEM,central_nervous_system,glioma
KOSC2_UPPER_AERODIGESTIVE_TRACT,upper_aerodigestive,upper_aerodigestive_squamous
KPNYS_AUTONOMIC_GANGLIA,peripheral_nervous_system,neuroblastoma
KY821_HAEMATOPOIETIC_AND_LYMPHOID_TISSUE,blood,AML
KYSE220_OESOPHAGUS,esophagus,esophagus_squamous
KYSE50_OESOPHAGUS,esophagus,esophagus_squamous
LB771HNC_UPPER_AERODIGESTIVE_TRACT,upper_aerodigestive,upper_aerodigestive_squamous
LB831BLC_URINARY_TRACT,urinary_tract,bladder_carcinoma
LC41_HAEMATOPOIETIC_AND_LYMPHOID_TISSUE,blood,ALL
LN405_CENTRAL_NERVOUS_SYSTEM,central_nervous_system,glioma
LNZTA3WT4_CENTRAL_NERVOUS_SYSTEM,central_nervous_system,glioma
MCCAR_HAEMATOPOIETIC_AND_LYMPHOID_TISSUE,engineered,
MFHINO_SOFT_TISSUE,soft_tissue,malignant_fibrous_histiocytoma
MHHPREB1_HAEMATOPOIETIC_AND_LYMPHOID_TISSUE,lymphocyte,non_hodgkin_lymphoma
ML2_HAEMATOPOIETIC_AND_LYMPHOID_TISSUE,blood,AML
MLMA_HAEMATOPOIETIC_AND_LYMPHOID_TISSUE,blood,hairy_cell_leukemia
MN60_HAEMATOPOIETIC_AND_LYMPHOID_TISSUE,blood,ALL
MYM12_HAEMATOPOIETIC_AND_LYMPHOID_TISSUE,blood,acute_biphenotypic_leukemia
NB10_AUTONOMIC_GANGLIA,peripheral_nervous_system,neuroblastoma
NB12_AUTONOMIC_GANGLIA,peripheral_nervous_system,neuroblastoma
NB13_AUTONOMIC_GANGLIA,peripheral_nervous_system,neuroblastoma
NB14_AUTONOMIC_GANGLIA,peripheral_nervous_system,neuroblastoma
NB17_AUTONOMIC_GANGLIA,peripheral_nervous_system,neuroblastoma
NB5_AUTONOMIC_GANGLIA,peripheral_nervous_system,neuroblastoma
NB6_AUTONOMIC_GANGLIA,peripheral_nervous_system,neuroblastoma
NB7_AUTONOMIC_GANGLIA,peripheral_nervous_system,neuroblastoma
NCIH630_LARGE_INTESTINE,colorectal,colorectal_adenocarcinoma
NEC8_TESTIS,embryo,
NK92MI_HAEMATOPOIETIC_AND_LYMPHOID_TISSUE,blood,NKC
NKM1_HAEMATOPOIETIC_AND_LYMPHOID_TISSUE,blood,AML
OACP4C_OESOPHAGUS,esophagus,esophagus_adenocarcinoma
P32ISH_HAEMATOPOIETIC_AND_LYMPHOID_TISSUE,lymphocyte,non_hodgkin_lymphoma
PCI15A_UPPER_AERODIGESTIVE_TRACT,upper_aerodigestive,upper_aerodigestive_squamous
PCI30_UPPER_AERODIGESTIVE_TRACT,upper_aerodigestive,upper_aerodigestive_squamous
PCI38_UPPER_AERODIGESTIVE_TRACT,upper_aerodigestive,upper_aerodigestive_squamous
PCI4B_UPPER_AERODIGESTIVE_TRACT,upper_aerodigestive,upper_aerodigestive_squamous
PCI6A_UPPER_AERODIGESTIVE_TRACT,upper_aerodigestive,upper_aerodigestive_squamous
QIMRWIL_HAEMATOPOIETIC_AND_LYMPHOID_TISSUE,blood,AML
RAMOS2G64C10_HAEMATOPOIETIC_AND_LYMPHOID_TISSUE,lymphocyte,non_hodgkin_lymphoma
RF48_STOMACH,lymphocyte,non_hodgkin_lymphoma
RPMI8866_HAEMATOPOIETIC_AND_LYMPHOID_TISSUE,blood,CML
SKMG1_CENTRAL_NERVOUS_SYSTEM,central_nervous_system,glioma
SKN3_UPPER_AERODIGESTIVE_TRACT,upper_aerodigestive,upper_aerodigestive_squamous
STS0421_SOFT_TISSUE,gastric,gastric_adenocarcinoma
SUDHL16_HAEMATOPOIETIC_AND_LYMPHOID_TISSUE,lymphocyte,non_hodgkin_lymphoma
SUPB8_HAEMATOPOIETIC_AND_LYMPHOID_TISSUE,blood,ALL
SW684_SOFT_TISSUE,soft_tissue,fibrosarcoma
SW872_SOFT_TISSUE,soft_tissue,liposarcoma
TE12_OESOPHAGUS,esophagus,esophagus_squamous
TGBC24TKB_BILIARY_TRACT,bile_duct,gallbladder_adenocarcinoma
TK_HAEMATOPOIETIC_AND_LYMPHOID_TISSUE,lymphocyte,non_hodgkin_lymphoma
TUR_HAEMATOPOIETIC_AND_LYMPHOID_TISSUE,blood,AML
WIL2NS_HAEMATOPOIETIC_AND_LYMPHOID_TISSUE,engineered,
YT_HAEMATOPOIETIC_AND_LYMPHOID_TISSUE,blood,NKC
JHU028_LUNG,lung,NSCLC
MOT_HAEMATOPOIETIC_AND_LYMPHOID_TISSUE,blood,hairy_cell_leukemia
NBSUSSR_AUTONOMIC_GANGLIA,peripheral_nervous_system,neuroblastoma
CAR1_LARGE_INTESTINE,colorectal,colorectal_adenocarcinoma
ACN,peripheral_nervous_system,neuroblastoma
MC1010_HAEMATOPOIETIC_AND_LYMPHOID_TISSUE,blood,AML
UDSCC2_UPPER_AERODIGESTIVE_TRACT,upper_aerodigestive,upper_aerodigestive_squamous
SCI1_HAEMATOPOIETIC_AND_LYMPHOID_TISSUE,lymphocyte,non_hodgkin_lymphoma
CROAP3,lymphocyte,non_hodgkin_lymphoma
GEO_LARGE_INTESTINE,colorectal,colorectal_adenocarcinoma
HUH6CLONE5,liver,hepatoblastoma
SARC9371_BONE,bone,osteosarcoma
LIM1215_LARGE_INTESTINE,colon,colon_adenocarcinoma
WM793B_SKIN,skin,melanoma
WT,WT,WT
